{"accuracy": 0.8460916347269595, "precision": 0.7194903889137237, "recall": 0.5076486358618515, "f1": 0.5952843273231623, "classification_report": {"0": {"precision": 0.8697266847485917, "recall": 0.9432075300932211, "f1-score": 0.9049779649610317, "support": 22098.0}, "1": {"precision": 0.7194903889137237, "recall": 0.5076486358618515, "f1-score": 0.5952843273231623, "support": 6341.0}, "accuracy": 0.8460916347269595, "macro avg": {"precision": 0.7946085368311577, "recall": 0.7254280829775364, "f1-score": 0.750131146142097, "support": 28439.0}, "weighted avg": {"precision": 0.8362287294094835, "recall": 0.8460916347269595, "f1-score": 0.835926051874716, "support": 28439.0}}, "training_time": 6.472925424575806, "confusion_matrix": [[20843, 1255], [3122, 3219]]}