{"accuracy": 0.8465487534723443, "precision": 0.7206965840589418, "recall": 0.5090679703516795, "f1": 0.5966728280961183, "classification_report": {"0": {"precision": 0.8700751252086811, "recall": 0.9433885419494977, "f1-score": 0.9052499022971037, "support": 22098.0}, "1": {"precision": 0.7206965840589418, "recall": 0.5090679703516795, "f1-score": 0.5966728280961183, "support": 6341.0}, "accuracy": 0.8465487534723443, "macro avg": {"precision": 0.7953858546338115, "recall": 0.7262282561505886, "f1-score": 0.7509613651966109, "support": 28439.0}, "weighted avg": {"precision": 0.8367684221097501, "recall": 0.8465487534723443, "f1-score": 0.8364469476394698, "support": 28439.0}}, "training_time": 10.371867656707764, "confusion_matrix": [[20847, 1251], [3113, 3228]]}