{"accuracy": 0.8193326066317381, "precision": 0.7630083078268474, "recall": 0.27519318719444885, "f1": 0.404496986555401, "classification_report": {"0": {"precision": 0.8242581829305599, "recall": 0.9754728934745226, "f1-score": 0.8935129533678756, "support": 22098.0}, "1": {"precision": 0.7630083078268474, "recall": 0.27519318719444885, "f1-score": 0.404496986555401, "support": 6341.0}, "accuracy": 0.8193326066317381, "macro avg": {"precision": 0.7936332453787036, "recall": 0.6253330403344857, "f1-score": 0.6490049699616383, "support": 28439.0}, "weighted avg": {"precision": 0.8106013926765903, "recall": 0.8193326066317381, "f1-score": 0.7844778169158942, "support": 28439.0}}, "training_time": 3.085415840148926, "confusion_matrix": [[21556, 542], [4596, 1745]]}