{"accuracy": 0.8456696789619889, "precision": 0.7249884739511295, "recall": 0.4959785522788204, "f1": 0.589006461279146, "classification_report": {"0": {"precision": 0.8673913945479441, "recall": 0.9460132138655082, "f1-score": 0.9049979436784346, "support": 22098.0}, "1": {"precision": 0.7249884739511295, "recall": 0.4959785522788204, "f1-score": 0.589006461279146, "support": 6341.0}, "accuracy": 0.8456696789619889, "macro avg": {"precision": 0.7961899342495369, "recall": 0.7209958830721643, "f1-score": 0.7470022024787903, "support": 28439.0}, "weighted avg": {"precision": 0.8356400348129182, "recall": 0.8456696789619889, "f1-score": 0.8345418098518622, "support": 28439.0}}, "training_time": 12.812204837799072, "confusion_matrix": [[20905, 1193], [3196, 3145]]}