{"accuracy": 0.8452477231970181, "precision": 0.7131868131868132, "recall": 0.5117489354991326, "f1": 0.5959048755853457, "classification_report": {"0": {"precision": 0.870400602787894, "recall": 0.9409448818897638, "f1-score": 0.9042990410333355, "support": 22098.0}, "1": {"precision": 0.7131868131868132, "recall": 0.5117489354991326, "f1-score": 0.5959048755853457, "support": 6341.0}, "accuracy": 0.8452477231970181, "macro avg": {"precision": 0.7917937079873536, "recall": 0.7263469086944482, "f1-score": 0.7501019583093406, "support": 28439.0}, "weighted avg": {"precision": 0.8353468864174008, "recall": 0.8452477231970181, "f1-score": 0.8355368692584593, "support": 28439.0}}, "training_time": 59.39028453826904, "confusion_matrix": [[20793, 1305], [3096, 3245]]}