{"accuracy": 0.8362108372305637, "precision": 0.7331670822942643, "recall": 0.41728434000946224, "f1": 0.531859296482412, "classification_report": {"0": {"precision": 0.8511880789367701, "recall": 0.9564213956014119, "f1-score": 0.9007415615410842, "support": 22098.0}, "1": {"precision": 0.7331670822942643, "recall": 0.41728434000946224, "f1-score": 0.531859296482412, "support": 6341.0}, "accuracy": 0.8362108372305637, "macro avg": {"precision": 0.7921775806155171, "recall": 0.6868528678054371, "f1-score": 0.7163004290117481, "support": 28439.0}, "weighted avg": {"precision": 0.8248731192085754, "recall": 0.8362108372305637, "f1-score": 0.8184924514198759, "support": 28439.0}}, "training_time": 14.044806957244873, "confusion_matrix": [[21135, 963], [3695, 2646]]}