{"accuracy": 0.8397271352719856, "precision": 0.7004722284686306, "recall": 0.4912474373127267, "f1": 0.5774935113088617, "classification_report": {"0": {"precision": 0.8655385128376125, "recall": 0.9397230518598968, "f1-score": 0.9011065307008028, "support": 22098.0}, "1": {"precision": 0.7004722284686306, "recall": 0.4912474373127267, "f1-score": 0.5774935113088617, "support": 6341.0}, "accuracy": 0.8397271352719856, "macro avg": {"precision": 0.7830053706531215, "recall": 0.7154852445863118, "f1-score": 0.7393000210048323, "support": 28439.0}, "weighted avg": {"precision": 0.8287339378109339, "recall": 0.8397271352719856, "f1-score": 0.8289510345172415, "support": 28439.0}}, "training_time": 0.6099746227264404, "confusion_matrix": [[20766, 1332], [3226, 3115]]}