{"accuracy": 0.8459509828053026, "precision": 0.7161446846052051, "recall": 0.5120643431635389, "f1": 0.5971494252873564, "classification_report": {"0": {"precision": 0.8705710102489019, "recall": 0.9417594352430084, "f1-score": 0.9047670804077995, "support": 22098.0}, "1": {"precision": 0.7161446846052051, "recall": 0.5120643431635389, "f1-score": 0.5971494252873564, "support": 6341.0}, "accuracy": 0.8459509828053026, "macro avg": {"precision": 0.7933578474270535, "recall": 0.7269118892032737, "f1-score": 0.750958252847578, "support": 28439.0}, "weighted avg": {"precision": 0.8361388104209656, "recall": 0.8459509828053026, "f1-score": 0.8361780459439038, "support": 28439.0}}, "training_time": 21.69207525253296, "confusion_matrix": [[20811, 1287], [3094, 3247]]}