{"accuracy": 0.8118428918035092, "precision": 0.5894793926247288, "recall": 0.5142721968143826, "f1": 0.5493135686010275, "classification_report": {"0": {"precision": 0.8655432837124023, "recall": 0.8972305185989682, "f1-score": 0.8811020997666926, "support": 22098.0}, "1": {"precision": 0.5894793926247288, "recall": 0.5142721968143826, "f1-score": 0.5493135686010275, "support": 6341.0}, "accuracy": 0.8118428918035092, "macro avg": {"precision": 0.7275113381685656, "recall": 0.7057513577066754, "f1-score": 0.7152078341838601, "support": 28439.0}, "weighted avg": {"precision": 0.8039897433844394, "recall": 0.8118428918035092, "f1-score": 0.8071237223229891, "support": 28439.0}}, "training_time": 0.33530449867248535, "confusion_matrix": [[19827, 2271], [3080, 3261]]}