{"accuracy": 0.8468652202960723, "precision": 0.7293302540415705, "recall": 0.498028702097461, "f1": 0.5918845469028208, "classification_report": {"0": {"precision": 0.8679746152888963, "recall": 0.9469635261109602, "f1-score": 0.9057502110069903, "support": 22098.0}, "1": {"precision": 0.7293302540415705, "recall": 0.498028702097461, "f1-score": 0.5918845469028208, "support": 6341.0}, "accuracy": 0.8468652202960723, "macro avg": {"precision": 0.7986524346652334, "recall": 0.7224961141042106, "f1-score": 0.7488173789549055, "support": 28439.0}, "weighted avg": {"precision": 0.837061295739359, "recall": 0.8468652202960723, "f1-score": 0.8357680676093836, "support": 28439.0}}, "training_time": 14.37109661102295, "confusion_matrix": [[20926, 1172], [3183, 3158]]}