{"accuracy": 0.8442279967650058, "precision": 0.743936686239469, "recall": 0.45954896703989906, "f1": 0.5681419379996101, "classification_report": {"0": {"precision": 0.8602479406247451, "recall": 0.954611277038646, "f1-score": 0.904976404976405, "support": 22098.0}, "1": {"precision": 0.743936686239469, "recall": 0.45954896703989906, "f1-score": 0.5681419379996101, "support": 6341.0}, "accuracy": 0.8442279967650058, "macro avg": {"precision": 0.802092313432107, "recall": 0.7070801220392725, "f1-score": 0.7365591714880075, "support": 28439.0}, "weighted avg": {"precision": 0.8343141994926013, "recall": 0.8442279967650058, "f1-score": 0.829872943001657, "support": 28439.0}}, "training_time": 75.88306999206543, "confusion_matrix": [[21095, 1003], [3427, 2914]]}