{"accuracy": 0.8520693413973769, "precision": 0.7310524036379386, "recall": 0.5324081375177416, "f1": 0.6161146089971713, "classification_report": {"0": {"precision": 0.8755299945426305, "recall": 0.94379581862612, "f1-score": 0.9083821511792505, "support": 22098.0}, "1": {"precision": 0.7310524036379386, "recall": 0.5324081375177416, "f1-score": 0.6161146089971713, "support": 6341.0}, "accuracy": 0.8520693413973769, "macro avg": {"precision": 0.8032911990902845, "recall": 0.7381019780719309, "f1-score": 0.7622483800882109, "support": 28439.0}, "weighted avg": {"precision": 0.8433160487665254, "recall": 0.8520693413973769, "f1-score": 0.8432157077397285, "support": 28439.0}}, "training_time": 3.1690194606781006, "confusion_matrix": [[20856, 1242], [2965, 3376]]}